resume,notes,expected_work_count,predicted_work_count,best_work_overlap,expected_project_count,predicted_project_count,best_project_overlap,work_end_index,project_count_start_zero
resume_201,additional projects low coverage or missed; extra work output; possible split or section bleed; low project text overlap; parser output shape gap: raw strings lack field and section ownership; project extraction differs with start_index=0; project section missed,1,4,0.359,4,0,0.0,44,8
resume_202,extra work output; possible split or section bleed; parser output shape gap: raw strings lack field and section ownership,3,15,0.3319,0,0,,49,0
resume_203,extra work output; possible split or section bleed; low project text overlap; parser output shape gap: raw strings lack field and section ownership; project section missed,2,9,0.336,2,0,0.0,48,0
resume_204,,0,0,,0,0,,74,0
resume_205,extra work output; possible split or section bleed; low project text overlap; parser output shape gap: raw strings lack field and section ownership; project extraction differs with start_index=0; project section missed,1,4,0.4412,3,0,0.0,51,14
resume_206,,0,0,,0,0,,70,0
resume_207,extra work output; possible split or section bleed; parser output shape gap: raw strings lack field and section ownership,2,8,0.4125,0,0,,55,0
resume_208,,0,0,,0,0,,77,0
resume_209,"extra project output; possible split or section bleed; extra work output; possible split or section bleed; parser output shape gap: raw strings lack field and section ownership; possible section bleed: Additional Campus Work, Coursework, More Projects, SKILLS & INTERESTS",2,7,0.3812,1,20,0.4444,28,20
resume_210,extra work output; possible split or section bleed; parser output shape gap: raw strings lack field and section ownership,2,8,0.4517,0,0,,42,0
