resume,parser,field,tp_count,fp_count,fn_count,precision,recall,f1,tp_examples,fp_examples,fn_examples,runtime_ms,resolver_coverage,resolver_input_count,resolver_resolved_count,resolver_unknown_count,resolver_version,aliases_version,unknown_skills
dense_skills_01,libelle,skills,37,46,12,0.446,0.755,0.561,"[""a/b testing"", ""accessibility"", ""adobe illustrator"", ""adobe xd"", ""after effects"", ""balsamiq"", ""card sorting"", ""component libraries"", ""confluence"", ""css""]","[""account creation by 35%."", ""adobe"", ""and retail"", ""and user research synthesis. conducted moderated usability"", ""apps across ios and android"", ""architecture"", ""aug 2016 - jun 2018"", ""axure"", ""brightwell agency"", ""ca""]","[""adobe photoshop"", ""agile/scrum"", ""axure rp"", ""heuristic evaluation"", ""information architecture"", ""ios human interface guidelines"", ""jira"", ""material design"", ""responsive design"", ""user research""]",13.75,0.0,83,0,83,v1,1.0.0,"[""figma"", ""sketch"", ""adobe xd"", ""invision"", ""jul 2018 - feb 2021"", ""ui/ux designer"", ""clayburn apps"", ""oakland"", ""ca"", ""designed end-to-end experiences for three consumer mobile"", ""apps across ios and android"", ""each achieving above 4.5 star"", ""ratings in their respective app stores. collaborated closely with"", ""engineering to ensure design feasibility"", ""regularly attending"", ""sprint planning and contributing to technical scoping"", ""discussions."", ""zeplin"", ""framer"", ""principle"", ""marvel"", ""axure"", ""rp"", ""balsamiq"", ""adobe illustrator"", ""adobe"", ""photoshop"", ""after effects"", ""lottie"", ""html"", ""css"", ""javascript"", ""storybook"", ""design systems"", ""component libraries"", ""wireframing"", ""prototyping"", ""user"", ""research"", ""usability testing"", ""heuristic"", ""evaluation"", ""card sorting"", ""tree testing"", ""a/b testing"", ""journey mapping"", ""aug 2016 - jun 2018"", ""junior ux designer"", ""brightwell agency"", ""san jose"", ""supported senior designers on client projects spanning fintech"", ""healthcare"", ""and retail"", ""contributing wireframes"", ""prototypes"", ""and user research synthesis. conducted moderated usability"", ""tests with end users and documented findings in structured"", ""reports delivered to client stakeholders. redesigned the"", ""onboarding flow for a healthcare client"", ""reducing drop-off at"", ""account creation by 35%."", ""persona development"", ""information"", ""architecture"", ""interaction design"", ""visual"", ""design"", ""motion design"", ""responsive"", ""accessibility"", ""ios"", ""human interface guidelines"", ""material"", ""design, agile"", ""scrum, jira,"", ""confluence"", ""notion"", ""miro"", ""figjam"", ""usertesting"", ""hotjar"", ""maze"", ""lookback""]"
dense_skills_01,libelle,skills_resolved,37,46,12,0.446,0.755,0.561,"[""a/btesting"", ""accessibility"", ""adobeillustrator"", ""adobexd"", ""aftereffects"", ""balsamiq"", ""cardsorting"", ""componentlibraries"", ""confluence"", ""css""]","[""accountcreationby35"", ""adobe"", ""andretail"", ""anduserresearchsynthesis.conductedmoderatedusability"", ""appsacrossiosandandroid"", ""architecture"", ""aug2016-jun2018"", ""axure"", ""brightwellagency"", ""ca""]","[""adobephotoshop"", ""agile/scrum"", ""axurerp"", ""heuristicevaluation"", ""informationarchitecture"", ""ioshumaninterfaceguidelines"", ""jira"", ""materialdesign"", ""responsivedesign"", ""userresearch""]",13.75,0.0,83,0,83,v1,1.0.0,"[""figma"", ""sketch"", ""adobe xd"", ""invision"", ""jul 2018 - feb 2021"", ""ui/ux designer"", ""clayburn apps"", ""oakland"", ""ca"", ""designed end-to-end experiences for three consumer mobile"", ""apps across ios and android"", ""each achieving above 4.5 star"", ""ratings in their respective app stores. collaborated closely with"", ""engineering to ensure design feasibility"", ""regularly attending"", ""sprint planning and contributing to technical scoping"", ""discussions."", ""zeplin"", ""framer"", ""principle"", ""marvel"", ""axure"", ""rp"", ""balsamiq"", ""adobe illustrator"", ""adobe"", ""photoshop"", ""after effects"", ""lottie"", ""html"", ""css"", ""javascript"", ""storybook"", ""design systems"", ""component libraries"", ""wireframing"", ""prototyping"", ""user"", ""research"", ""usability testing"", ""heuristic"", ""evaluation"", ""card sorting"", ""tree testing"", ""a/b testing"", ""journey mapping"", ""aug 2016 - jun 2018"", ""junior ux designer"", ""brightwell agency"", ""san jose"", ""supported senior designers on client projects spanning fintech"", ""healthcare"", ""and retail"", ""contributing wireframes"", ""prototypes"", ""and user research synthesis. conducted moderated usability"", ""tests with end users and documented findings in structured"", ""reports delivered to client stakeholders. redesigned the"", ""onboarding flow for a healthcare client"", ""reducing drop-off at"", ""account creation by 35%."", ""persona development"", ""information"", ""architecture"", ""interaction design"", ""visual"", ""design"", ""motion design"", ""responsive"", ""accessibility"", ""ios"", ""human interface guidelines"", ""material"", ""design, agile"", ""scrum, jira,"", ""confluence"", ""notion"", ""miro"", ""figjam"", ""usertesting"", ""hotjar"", ""maze"", ""lookback""]"
dense_skills_01,libelle,location,1,0,0,1.0,1.0,1.0,"[""country=united states, city=san francisco""]",[],[],13.75,,,,,v1,1.0.0,
dense_skills_02,libelle,skills,0,0,22,0.0,0.0,0.0,[],[],"[""ad copy"", ""blog writing"", ""brand voice development"", ""case studies"", ""content strategy"", ""email marketing copy"", ""google"", ""hubspot"", ""keyword research"", ""landing page copy""]",7.78,,0,0,0,v1,1.0.0,[]
dense_skills_02,libelle,skills_resolved,0,0,22,0.0,0.0,0.0,[],[],"[""adcopy"", ""blogwriting"", ""brandvoicedevelopment"", ""casestudies"", ""contentstrategy"", ""emailmarketingcopy"", ""google"", ""hubspot"", ""keywordresearch"", ""landingpagecopy""]",7.78,,0,0,0,v1,1.0.0,[]
dense_skills_02,libelle,location,1,0,0,1.0,1.0,1.0,"[""country=united states, city=austin""]",[],[],7.78,,,,,v1,1.0.0,
embed_link_01,libelle,skills,7,0,3,1.0,0.7,0.824,"[""data analytics and interpretation"", ""data cleaning and preprocessing"", ""data visualization"", ""python"", ""sql querying"", ""statistical analysis"", ""technical documentation""]",[],"[""matplotlib"", ""powerbi"", ""tableu""]",5.85,0.143,7,1,6,v1,1.0.0,"[""data analytics and interpretation"", ""sql querying"", ""data visualization"", ""statistical analysis"", ""data cleaning and preprocessing"", ""technical documentation""]"
embed_link_01,libelle,skills_resolved,7,0,3,1.0,0.7,0.824,"[""dataanalyticsandinterpretation"", ""datacleaningandpreprocessing"", ""datavisualization"", ""python"", ""sqlquerying"", ""statisticalanalysis"", ""technicaldocumentation""]",[],"[""matplotlib"", ""powerbi"", ""tableu""]",5.85,0.143,7,1,6,v1,1.0.0,"[""data analytics and interpretation"", ""sql querying"", ""data visualization"", ""statistical analysis"", ""data cleaning and preprocessing"", ""technical documentation""]"
embed_link_01,libelle,location,1,0,0,1.0,1.0,1.0,"[""country=united states, city=denver""]",[],[],5.85,,,,,v1,1.0.0,
embed_link_02,libelle,skills,5,3,2,0.625,0.714,0.667,"[""conflict management"", ""data analytics"", ""process improvement"", ""stakeholder communication"", ""team player""]","[""budget tracking and cost"", ""control"", ""proficient with project management software""]","[""budget tracking and cost control"", ""project management software""]",4.67,0.0,8,0,8,v1,1.0.0,"[""process improvement"", ""proficient with project management software"", ""team player"", ""budget tracking and cost"", ""control"", ""conflict management"", ""stakeholder communication"", ""data analytics""]"
embed_link_02,libelle,skills_resolved,5,3,2,0.625,0.714,0.667,"[""conflictmanagement"", ""dataanalytics"", ""processimprovement"", ""stakeholdercommunication"", ""teamplayer""]","[""budgettrackingandcost"", ""control"", ""proficientwithprojectmanagementsoftware""]","[""budgettrackingandcostcontrol"", ""projectmanagementsoftware""]",4.67,0.0,8,0,8,v1,1.0.0,"[""process improvement"", ""proficient with project management software"", ""team player"", ""budget tracking and cost"", ""control"", ""conflict management"", ""stakeholder communication"", ""data analytics""]"
embed_link_02,libelle,location,0,0,1,0.0,0.0,0.0,[],[],"[""expected country=united states""]",4.67,,,,,v1,1.0.0,
header_contact_01,libelle,skills,14,16,16,0.467,0.467,0.467,"[""bilingual communication"", ""budget tracking"", ""conflict de-escalation"", ""event coordination"", ""excel"", ""front office reception"", ""inventory management"", ""multi-line phone systems"", ""petty cash handling"", ""purchase order processing""]","[""calendar)"", ""communication"", ""compliance"", ""confidentiality & ferpa"", ""cpr certified"", ""data entry & database"", ""google workspace (docs"", ""infinite campus)"", ""management"", ""microsoft office (word""]","[""calendar"", ""confidentiality & ferpa compliance"", ""data entry & database management"", ""docs"", ""english"", ""first aid / cpr certified"", ""google workspace"", ""infinite campus"", ""microsoft office"", ""outlook""]",4.89,0.0,30,0,30,v1,1.0.0,"[""microsoft office (word"", ""excel"", ""outlook)"", ""google workspace (docs"", ""sheets"", ""calendar)"", ""student information"", ""systems (powerschool"", ""infinite campus)"", ""scheduling & calendar"", ""management"", ""record keeping & filing"", ""front office reception"", ""parent & community"", ""communication"", ""event coordination"", ""budget tracking"", ""confidentiality & ferpa"", ""compliance"", ""data entry & database"", ""typing"", ""multi-line phone systems"", ""petty cash handling"", ""purchase order processing"", ""staff onboarding support"", ""inventory management"", ""conflict de-escalation"", ""\u2022 first aid"", ""cpr certified"", ""bilingual communication""]"
header_contact_01,libelle,skills_resolved,17,13,13,0.567,0.567,0.567,"[""bilingualcommunication"", ""budgettracking"", ""calendar"", ""conflictde-escalation"", ""eventcoordination"", ""excel"", ""frontofficereception"", ""infinitecampus"", ""inventorymanagement"", ""multi-linephonesystems""]","[""communication"", ""compliance"", ""confidentialityferpa"", ""cprcertified"", ""dataentrydatabase"", ""firstaid"", ""googleworkspacedocs"", ""management"", ""microsoftofficeword"", ""parentcommunity""]","[""confidentialityferpacompliance"", ""dataentrydatabasemanagement"", ""docs"", ""english"", ""firstaid/cprcertified"", ""googleworkspace"", ""microsoftoffice"", ""parentcommunitycommunication"", ""powerschool"", ""schedulingcalendarmanagement""]",4.89,0.0,30,0,30,v1,1.0.0,"[""microsoft office (word"", ""excel"", ""outlook)"", ""google workspace (docs"", ""sheets"", ""calendar)"", ""student information"", ""systems (powerschool"", ""infinite campus)"", ""scheduling & calendar"", ""management"", ""record keeping & filing"", ""front office reception"", ""parent & community"", ""communication"", ""event coordination"", ""budget tracking"", ""confidentiality & ferpa"", ""compliance"", ""data entry & database"", ""typing"", ""multi-line phone systems"", ""petty cash handling"", ""purchase order processing"", ""staff onboarding support"", ""inventory management"", ""conflict de-escalation"", ""\u2022 first aid"", ""cpr certified"", ""bilingual communication""]"
header_contact_01,libelle,location,1,0,0,1.0,1.0,1.0,"[""country=united states""]",[],[],4.89,,,,,v1,1.0.0,
high_signal_01,libelle,skills,21,0,0,1.0,1.0,1.0,"[""autocad"", ""boqs"", ""civil 3d"", ""construction drawings"", ""construction scheduling"", ""design code compliance"", ""drainage design"", ""etabs"", ""foundation analysis"", ""hydrology basics""]",[],[],4.04,0.0,21,0,21,v1,1.0.0,"[""structural load calculations"", ""reinforced concrete design"", ""steel structure design"", ""structural modeling"", ""soil mechanics fundamentals"", ""foundation analysis"", ""hydrology basics"", ""drainage design"", ""autocad"", ""civil 3d"", ""etabs"", ""staad.pro"", ""sap2000"", ""construction scheduling"", ""quantity take-offs"", ""boqs"", ""quality inspections"", ""design code compliance"", ""technical reports"", ""construction drawings"", ""regulatory submissions""]"
high_signal_01,libelle,skills_resolved,21,0,0,1.0,1.0,1.0,"[""autocad"", ""boqs"", ""civil3d"", ""constructiondrawings"", ""constructionscheduling"", ""designcodecompliance"", ""drainagedesign"", ""etabs"", ""foundationanalysis"", ""hydrologybasics""]",[],[],4.04,0.0,21,0,21,v1,1.0.0,"[""structural load calculations"", ""reinforced concrete design"", ""steel structure design"", ""structural modeling"", ""soil mechanics fundamentals"", ""foundation analysis"", ""hydrology basics"", ""drainage design"", ""autocad"", ""civil 3d"", ""etabs"", ""staad.pro"", ""sap2000"", ""construction scheduling"", ""quantity take-offs"", ""boqs"", ""quality inspections"", ""design code compliance"", ""technical reports"", ""construction drawings"", ""regulatory submissions""]"
high_signal_01,libelle,location,1,0,0,1.0,1.0,1.0,"[""country=united states, city=riverside""]",[],[],4.04,,,,,v1,1.0.0,
high_signal_02,libelle,skills,18,2,1,0.9,0.947,0.923,"[""authentication workflows"", ""ci/cd pipelines"", ""containerized deployments"", ""database schema design"", ""docker"", ""fastapi"", ""flask"", ""java"", ""javascript"", ""mysql""]","[""environments"", ""linux""]","[""linux environments""]",2.04,0.05,20,1,19,v1,1.0.0,"[""java"", ""javascript"", ""typescript"", ""sql"", ""restful api design"", ""fastapi"", ""flask"", ""node.js"", ""authentication workflows"", ""postgresql"", ""mysql"", ""sqlite"", ""database schema design"", ""query optimization"", ""docker"", ""containerized deployments"", ""ci/cd pipelines"", ""linux"", ""environments""]"
high_signal_02,libelle,skills_resolved,18,2,1,0.9,0.947,0.923,"[""authenticationworkflows"", ""ci/cdpipelines"", ""containerizeddeployments"", ""databaseschemadesign"", ""docker"", ""fastapi"", ""flask"", ""java"", ""javascript"", ""mysql""]","[""environments"", ""linux""]","[""linuxenvironments""]",2.04,0.05,20,1,19,v1,1.0.0,"[""java"", ""javascript"", ""typescript"", ""sql"", ""restful api design"", ""fastapi"", ""flask"", ""node.js"", ""authentication workflows"", ""postgresql"", ""mysql"", ""sqlite"", ""database schema design"", ""query optimization"", ""docker"", ""containerized deployments"", ""ci/cd pipelines"", ""linux"", ""environments""]"
high_signal_02,libelle,location,1,0,0,1.0,1.0,1.0,"[""country=united states, city=la jolla""]",[],[],2.04,,,,,v1,1.0.0,
low_signal_01,libelle,skills,4,0,0,1.0,1.0,1.0,"[""basic nutrition assessment"", ""dietary guidelines familiarity"", ""meal planning"", ""record keeping""]",[],[],5.04,0.0,4,0,4,v1,1.0.0,"[""basic nutrition assessment"", ""meal planning"", ""dietary guidelines familiarity"", ""record keeping""]"
low_signal_01,libelle,skills_resolved,4,0,0,1.0,1.0,1.0,"[""basicnutritionassessment"", ""dietaryguidelinesfamiliarity"", ""mealplanning"", ""recordkeeping""]",[],[],5.04,0.0,4,0,4,v1,1.0.0,"[""basic nutrition assessment"", ""meal planning"", ""dietary guidelines familiarity"", ""record keeping""]"
low_signal_01,libelle,location,0,0,1,0.0,0.0,0.0,[],[],"[""expected country=united states""]",5.04,,,,,v1,1.0.0,
low_signal_02,libelle,skills,4,0,0,1.0,1.0,1.0,"[""basic health education support"", ""data entry and record maintenance"", ""survey assistance"", ""written communication""]",[],[],3.87,0.0,4,0,4,v1,1.0.0,"[""basic health education support"", ""data entry and record maintenance"", ""survey assistance"", ""written communication""]"
low_signal_02,libelle,skills_resolved,4,0,0,1.0,1.0,1.0,"[""basichealtheducationsupport"", ""dataentryandrecordmaintenance"", ""surveyassistance"", ""writtencommunication""]",[],[],3.87,0.0,4,0,4,v1,1.0.0,"[""basic health education support"", ""data entry and record maintenance"", ""survey assistance"", ""written communication""]"
low_signal_02,libelle,location,0,0,1,0.0,0.0,0.0,[],[],"[""expected country=united states""]",3.87,,,,,v1,1.0.0,
multi_col_01,libelle,skills,11,2,1,0.846,0.917,0.88,"[""aws"", ""bash"", ""data validation"", ""docker"", ""fastapi"", ""google sheets api"", ""linux cli"", ""python"", ""regex"", ""rest apis""]","[""git"", ""github""]","[""git/github""]",3.98,0.077,13,1,12,v1,1.0.0,"[""sql"", ""rest apis"", ""regex"", ""data validation"", ""linux cli"", ""git"", ""github"", ""docker"", ""fastapi"", ""google sheets api"", ""bash"", ""aws""]"
multi_col_01,libelle,skills_resolved,11,2,1,0.846,0.917,0.88,"[""aws"", ""bash"", ""datavalidation"", ""docker"", ""fastapi"", ""googlesheetsapi"", ""linuxcli"", ""python"", ""regex"", ""restapis""]","[""git"", ""github""]","[""git/github""]",3.98,0.077,13,1,12,v1,1.0.0,"[""sql"", ""rest apis"", ""regex"", ""data validation"", ""linux cli"", ""git"", ""github"", ""docker"", ""fastapi"", ""google sheets api"", ""bash"", ""aws""]"
multi_col_01,libelle,location,0,0,0,0.0,0.0,0.0,[],[],[],3.98,,,,,v1,1.0.0,
multi_col_02,libelle,skills,6,11,6,0.353,0.5,0.414,"[""analytical balances"", ""basic statistical calculations"", ""data logging and review"", ""laboratory safety practices"", ""sample prep"", ""spreadsheet software""]","[""compound and stereo"", ""documentation"", ""environmental testing"", ""instruments"", ""laboratory information"", ""microscopy"", ""procedures"", ""quality control"", ""spectrophotometric"", ""standard operating""]","[""compound and stereo microscopy"", ""environmental testing procedures"", ""laboratory information systems (lis)"", ""quality control documentation"", ""spectrophotometric instruments"", ""standard operating procedures""]",2.78,0.0,17,0,17,v1,1.0.0,"[""sample prep"", ""environmental testing"", ""procedures"", ""quality control"", ""documentation"", ""data logging and review"", ""basic statistical calculations"", ""laboratory safety practices"", ""standard operating"", ""compound and stereo"", ""microscopy"", ""analytical balances"", ""spectrophotometric"", ""instruments"", ""laboratory information"", ""systems"", ""spreadsheet software""]"
multi_col_02,libelle,skills_resolved,6,11,6,0.353,0.5,0.414,"[""analyticalbalances"", ""basicstatisticalcalculations"", ""dataloggingandreview"", ""laboratorysafetypractices"", ""sampleprep"", ""spreadsheetsoftware""]","[""compoundandstereo"", ""documentation"", ""environmentaltesting"", ""instruments"", ""laboratoryinformation"", ""microscopy"", ""procedures"", ""qualitycontrol"", ""spectrophotometric"", ""standardoperating""]","[""compoundandstereomicroscopy"", ""environmentaltestingprocedures"", ""laboratoryinformationsystemslis"", ""qualitycontroldocumentation"", ""spectrophotometricinstruments"", ""standardoperatingprocedures""]",2.78,0.0,17,0,17,v1,1.0.0,"[""sample prep"", ""environmental testing"", ""procedures"", ""quality control"", ""documentation"", ""data logging and review"", ""basic statistical calculations"", ""laboratory safety practices"", ""standard operating"", ""compound and stereo"", ""microscopy"", ""analytical balances"", ""spectrophotometric"", ""instruments"", ""laboratory information"", ""systems"", ""spreadsheet software""]"
multi_col_02,libelle,location,1,0,0,1.0,1.0,1.0,"[""country=united states""]",[],[],2.78,,,,,v1,1.0.0,
multi_col_03,libelle,skills,9,6,7,0.6,0.562,0.581,"[""budget management"", ""field research"", ""gis"", ""grant writing"", ""ms project"", ""risk assessment"", ""soil remediation"", ""stakeholder engagement"", ""water quality analysis""]","[""agile"", ""certified)"", ""nepa)"", ""project management (pmp"", ""regulatory compliance (epa"", ""scrum""]","[""agile/scrum"", ""arcgis"", ""epa"", ""nepa"", ""project management"", ""qgis"", ""regulatory compliance""]",5.49,0.0,15,0,15,v1,1.0.0,"[""project management (pmp"", ""certified)"", ""agile"", ""scrum"", ""stakeholder engagement"", ""budget management"", ""risk assessment"", ""regulatory compliance (epa"", ""nepa)"", ""gis"", ""ms project"", ""field research"", ""water quality analysis"", ""soil remediation"", ""grant writing""]"
multi_col_03,libelle,skills_resolved,10,5,6,0.667,0.625,0.645,"[""budgetmanagement"", ""fieldresearch"", ""gis"", ""grantwriting"", ""msproject"", ""nepa"", ""riskassessment"", ""soilremediation"", ""stakeholderengagement"", ""waterqualityanalysis""]","[""agile"", ""certified"", ""projectmanagementpmp"", ""regulatorycomplianceepa"", ""scrum""]","[""agile/scrum"", ""arcgis"", ""epa"", ""projectmanagement"", ""qgis"", ""regulatorycompliance""]",5.49,0.0,15,0,15,v1,1.0.0,"[""project management (pmp"", ""certified)"", ""agile"", ""scrum"", ""stakeholder engagement"", ""budget management"", ""risk assessment"", ""regulatory compliance (epa"", ""nepa)"", ""gis"", ""ms project"", ""field research"", ""water quality analysis"", ""soil remediation"", ""grant writing""]"
multi_col_03,libelle,location,1,0,0,1.0,1.0,1.0,"[""country=united states, city=denver""]",[],[],5.49,,,,,v1,1.0.0,
multi_col_04,libelle,skills,6,11,8,0.353,0.429,0.387,"[""adobe creative suite"", ""brand strategy"", ""email marketing"", ""event planning"", ""google analytics"", ""seo/sem""]","[""budget"", ""content"", ""digital campaign"", ""leadership"", ""management"", ""marketing"", ""media strategy"", ""public"", ""relations"", ""social""]","[""budget management"", ""content marketing"", ""digital campaign management"", ""hubspot"", ""mailchimp"", ""public relations"", ""social media strategy"", ""team leadership""]",2.88,0.0,17,0,17,v1,1.0.0,"[""brand strategy"", ""digital campaign"", ""management"", ""seo/sem"", ""content"", ""marketing"", ""email marketing"", ""social"", ""media strategy"", ""budget"", ""google analytics"", ""adobe creative suite"", ""public"", ""relations"", ""event planning"", ""team"", ""leadership""]"
multi_col_04,libelle,skills_resolved,6,11,8,0.353,0.429,0.387,"[""adobecreativesuite"", ""brandstrategy"", ""emailmarketing"", ""eventplanning"", ""googleanalytics"", ""seo/sem""]","[""budget"", ""content"", ""digitalcampaign"", ""leadership"", ""management"", ""marketing"", ""mediastrategy"", ""public"", ""relations"", ""social""]","[""budgetmanagement"", ""contentmarketing"", ""digitalcampaignmanagement"", ""hubspot"", ""mailchimp"", ""publicrelations"", ""socialmediastrategy"", ""teamleadership""]",2.88,0.0,17,0,17,v1,1.0.0,"[""brand strategy"", ""digital campaign"", ""management"", ""seo/sem"", ""content"", ""marketing"", ""email marketing"", ""social"", ""media strategy"", ""budget"", ""google analytics"", ""adobe creative suite"", ""public"", ""relations"", ""event planning"", ""team"", ""leadership""]"
multi_col_04,libelle,location,0,0,1,0.0,0.0,0.0,[],[],"[""expected country=united states""]",2.88,,,,,v1,1.0.0,
multi_col_05,libelle,skills,11,9,9,0.55,0.55,0.55,"[""adobe photoshop"", ""after effects"", ""branding & identity"", ""canva"", ""coreldraw"", ""figma"", ""illustrator"", ""indesign"", ""logo design"", ""print design""]","[""2019"", ""and"", ""completed capstone project developing a full ad campaign for a"", ""consumer behavior"", ""coursework in campaign strategy"", ""diploma in advertising management"", ""media planning"", ""simulated client brief"", ""university of engineering and technology""]","[""client communication"", ""creative thinking"", ""digital design"", ""layout design"", ""project management"", ""team collaboration"", ""time management"", ""typography"", ""ui/ux principles""]",3.71,0.0,20,0,20,v1,1.0.0,"[""diploma in advertising management"", ""university of engineering and technology"", ""2019"", ""adobe photoshop"", ""coursework in campaign strategy"", ""consumer behavior"", ""and"", ""media planning"", ""illustrator"", ""indesign"", ""after effects"", ""completed capstone project developing a full ad campaign for a"", ""figma"", ""sketch"", ""canva"", ""simulated client brief"", ""coreldraw"", ""branding & identity"", ""logo design"", ""print design""]"
multi_col_05,libelle,skills_resolved,11,9,9,0.55,0.55,0.55,"[""adobephotoshop"", ""aftereffects"", ""brandingidentity"", ""canva"", ""coreldraw"", ""figma"", ""illustrator"", ""indesign"", ""logodesign"", ""printdesign""]","[""2019"", ""and"", ""completedcapstoneprojectdevelopingafulladcampaignfora"", ""consumerbehavior"", ""courseworkincampaignstrategy"", ""diplomainadvertisingmanagement"", ""mediaplanning"", ""simulatedclientbrief"", ""universityofengineeringandtechnology""]","[""clientcommunication"", ""creativethinking"", ""digitaldesign"", ""layoutdesign"", ""projectmanagement"", ""teamcollaboration"", ""timemanagement"", ""typography"", ""ui/uxprinciples""]",3.71,0.0,20,0,20,v1,1.0.0,"[""diploma in advertising management"", ""university of engineering and technology"", ""2019"", ""adobe photoshop"", ""coursework in campaign strategy"", ""consumer behavior"", ""and"", ""media planning"", ""illustrator"", ""indesign"", ""after effects"", ""completed capstone project developing a full ad campaign for a"", ""figma"", ""sketch"", ""canva"", ""simulated client brief"", ""coreldraw"", ""branding & identity"", ""logo design"", ""print design""]"
multi_col_05,libelle,location,0,0,1,0.0,0.0,0.0,[],[],"[""expected country=united states""]",3.71,,,,,v1,1.0.0,
non_usa_01,libelle,skills,6,0,0,1.0,1.0,1.0,"[""classroom management and student engagement"", ""exam preparation and grading"", ""formative and summative assessment"", ""inclusive teaching practices"", ""lesson planning and instructional material development"", ""secondary-level curriculum delivery""]",[],[],2.43,0.0,6,0,6,v1,1.0.0,"[""secondary-level curriculum delivery"", ""lesson planning and instructional material development"", ""classroom management and student engagement"", ""inclusive teaching practices"", ""exam preparation and grading"", ""formative and summative assessment""]"
non_usa_01,libelle,skills_resolved,6,0,0,1.0,1.0,1.0,"[""classroommanagementandstudentengagement"", ""exampreparationandgrading"", ""formativeandsummativeassessment"", ""inclusiveteachingpractices"", ""lessonplanningandinstructionalmaterialdevelopment"", ""secondary-levelcurriculumdelivery""]",[],[],2.43,0.0,6,0,6,v1,1.0.0,"[""secondary-level curriculum delivery"", ""lesson planning and instructional material development"", ""classroom management and student engagement"", ""inclusive teaching practices"", ""exam preparation and grading"", ""formative and summative assessment""]"
non_usa_01,libelle,location,0,0,1,0.0,0.0,0.0,[],[],"[""expected country=ukraine""]",2.43,,,,,v1,1.0.0,
non_usa_02,libelle,skills,7,0,0,1.0,1.0,1.0,"[""basic data collection and reporting"", ""client record keeping"", ""communication with clients and care teams"", ""meal planning and dietary guidance"", ""nutrition assessment basics"", ""nutrition education support"", ""understanding of dietary guidelines""]",[],[],1.62,0.0,7,0,7,v1,1.0.0,"[""nutrition assessment basics"", ""meal planning and dietary guidance"", ""understanding of dietary guidelines"", ""client record keeping"", ""nutrition education support"", ""basic data collection and reporting"", ""communication with clients and care teams""]"
non_usa_02,libelle,skills_resolved,7,0,0,1.0,1.0,1.0,"[""basicdatacollectionandreporting"", ""clientrecordkeeping"", ""communicationwithclientsandcareteams"", ""mealplanninganddietaryguidance"", ""nutritionassessmentbasics"", ""nutritioneducationsupport"", ""understandingofdietaryguidelines""]",[],[],1.62,0.0,7,0,7,v1,1.0.0,"[""nutrition assessment basics"", ""meal planning and dietary guidance"", ""understanding of dietary guidelines"", ""client record keeping"", ""nutrition education support"", ""basic data collection and reporting"", ""communication with clients and care teams""]"
non_usa_02,libelle,location,0,0,1,0.0,0.0,0.0,[],[],"[""expected country=south africa""]",1.62,,,,,v1,1.0.0,
project_heavy_01,libelle,skills,14,8,6,0.636,0.7,0.667,"[""bash scripting"", ""behavioral phenotyping"", ""gcta"", ""heritability estimation"", ""irb protocols"", ""plink"", ""python"", ""r"", ""redcap"", ""spss""]","[""array analysis"", ""association studies"", ""genome-wide"", ""literature"", ""manuscript"", ""preparation"", ""review"", ""snp""]","[""ace/ade"", ""genome-wide association studies"", ""gwas"", ""literature review"", ""manuscript preparation"", ""snp array analysis""]",2.3,0.045,22,1,21,v1,1.0.0,"[""r"", ""plink"", ""gcta"", ""spss"", ""stata"", ""bash scripting"", ""snp"", ""array analysis"", ""genome-wide"", ""association studies"", ""twin modeling"", ""heritability estimation"", ""behavioral phenotyping"", ""statistical genetics"", ""literature"", ""review"", ""manuscript"", ""preparation"", ""irb protocols"", ""redcap"", ""zotero""]"
project_heavy_01,libelle,skills_resolved,14,8,6,0.636,0.7,0.667,"[""bashscripting"", ""behavioralphenotyping"", ""gcta"", ""heritabilityestimation"", ""irbprotocols"", ""plink"", ""python"", ""r"", ""redcap"", ""spss""]","[""arrayanalysis"", ""associationstudies"", ""genome-wide"", ""literature"", ""manuscript"", ""preparation"", ""review"", ""snp""]","[""ace/ade"", ""genome-wideassociationstudies"", ""gwas"", ""literaturereview"", ""manuscriptpreparation"", ""snparrayanalysis""]",2.3,0.045,22,1,21,v1,1.0.0,"[""r"", ""plink"", ""gcta"", ""spss"", ""stata"", ""bash scripting"", ""snp"", ""array analysis"", ""genome-wide"", ""association studies"", ""twin modeling"", ""heritability estimation"", ""behavioral phenotyping"", ""statistical genetics"", ""literature"", ""review"", ""manuscript"", ""preparation"", ""irb protocols"", ""redcap"", ""zotero""]"
project_heavy_01,libelle,location,1,0,0,1.0,1.0,1.0,"[""country=united states, city=philadelphia""]",[],[],2.3,,,,,v1,1.0.0,
single_col_layout_trap_01,libelle,skills,17,2,7,0.895,0.708,0.791,"[""a/b testing"", ""apache spark"", ""dashboard design"", ""data governance"", ""dbt"", ""etl pipelines"", ""excel"", ""git"", ""google bigquery"", ""jupyter""]","[""data cleaning &"", ""transformation""]","[""data cleaning & transformation"", ""matplotlib"", ""numpy"", ""pandas"", ""pivot tables"", ""seaborn"", ""vba""]",2.09,0.053,19,1,18,v1,1.0.0,"[""sql"", ""r"", ""tableau"", ""power bi"", ""excel"", ""google bigquery"", ""snowflake"", ""dbt"", ""apache spark"", ""git"", ""jupyter"", ""statistical modeling"", ""a/b testing"", ""data cleaning &"", ""transformation"", ""dashboard design"", ""etl pipelines"", ""data governance""]"
single_col_layout_trap_01,libelle,skills_resolved,17,2,7,0.895,0.708,0.791,"[""a/btesting"", ""apachespark"", ""dashboarddesign"", ""datagovernance"", ""dbt"", ""etlpipelines"", ""excel"", ""git"", ""googlebigquery"", ""jupyter""]","[""datacleaning"", ""transformation""]","[""datacleaningtransformation"", ""matplotlib"", ""numpy"", ""pandas"", ""pivottables"", ""seaborn"", ""vba""]",2.09,0.053,19,1,18,v1,1.0.0,"[""sql"", ""r"", ""tableau"", ""power bi"", ""excel"", ""google bigquery"", ""snowflake"", ""dbt"", ""apache spark"", ""git"", ""jupyter"", ""statistical modeling"", ""a/b testing"", ""data cleaning &"", ""transformation"", ""dashboard design"", ""etl pipelines"", ""data governance""]"
single_col_layout_trap_01,libelle,location,1,0,0,1.0,1.0,1.0,"[""country=united states, city=atlanta""]",[],[],2.09,,,,,v1,1.0.0,
single_col_layout_trap_02,libelle,skills,16,7,7,0.696,0.696,0.696,"[""a/b testing"", ""agile/scrum"", ""confluence"", ""excel"", ""financial modeling"", ""google analytics"", ""jira"", ""kpi development"", ""power bi"", ""requirements gathering""]","[""business process"", ""certifications"", ""certified business analysis professional - iiba"", ""microsoft power bi data analyst associate"", ""modeling"", ""numpy)"", ""python (pandas""]","[""bpmn"", ""business process modeling"", ""numpy"", ""pandas"", ""pivot tables"", ""python"", ""vba""]",1.76,0.0,23,0,23,v1,1.0.0,"[""sql"", ""excel"", ""tableau"", ""power bi"", ""python (pandas"", ""numpy)"", ""jira"", ""confluence"", ""salesforce"", ""google analytics"", ""sap"", ""business process"", ""modeling"", ""requirements gathering"", ""user story writing"", ""a/b testing"", ""stakeholder management"", ""financial modeling"", ""kpi development"", ""agile/scrum"", ""certifications"", ""certified business analysis professional - iiba"", ""microsoft power bi data analyst associate""]"
single_col_layout_trap_02,libelle,skills_resolved,17,6,6,0.739,0.739,0.739,"[""a/btesting"", ""agile/scrum"", ""confluence"", ""excel"", ""financialmodeling"", ""googleanalytics"", ""jira"", ""kpidevelopment"", ""numpy"", ""powerbi""]","[""businessprocess"", ""certifications"", ""certifiedbusinessanalysisprofessional-iiba"", ""microsoftpowerbidataanalystassociate"", ""modeling"", ""pythonpandas""]","[""bpmn"", ""businessprocessmodeling"", ""pandas"", ""pivottables"", ""python"", ""vba""]",1.76,0.0,23,0,23,v1,1.0.0,"[""sql"", ""excel"", ""tableau"", ""power bi"", ""python (pandas"", ""numpy)"", ""jira"", ""confluence"", ""salesforce"", ""google analytics"", ""sap"", ""business process"", ""modeling"", ""requirements gathering"", ""user story writing"", ""a/b testing"", ""stakeholder management"", ""financial modeling"", ""kpi development"", ""agile/scrum"", ""certifications"", ""certified business analysis professional - iiba"", ""microsoft power bi data analyst associate""]"
single_col_layout_trap_02,libelle,location,1,0,0,1.0,1.0,1.0,"[""country=united states, city=chicago""]",[],[],1.76,,,,,v1,1.0.0,
sparse_skill_01,libelle,skills,5,0,0,1.0,1.0,1.0,"[""dietary assessment"", ""meal planning"", ""motivational interviewing"", ""nutrition counseling"", ""patient education""]",[],[],2.44,0.0,5,0,5,v1,1.0.0,"[""dietary assessment"", ""meal planning"", ""nutrition counseling"", ""motivational interviewing"", ""patient education""]"
sparse_skill_01,libelle,skills_resolved,5,0,0,1.0,1.0,1.0,"[""dietaryassessment"", ""mealplanning"", ""motivationalinterviewing"", ""nutritioncounseling"", ""patienteducation""]",[],[],2.44,0.0,5,0,5,v1,1.0.0,"[""dietary assessment"", ""meal planning"", ""nutrition counseling"", ""motivational interviewing"", ""patient education""]"
sparse_skill_01,libelle,location,0,0,1,0.0,0.0,0.0,[],[],"[""expected country=united states""]",2.44,,,,,v1,1.0.0,
